County,City
Albany,Albany
Albany,Altamont
Albany,Berne
Albany,Bethlehem
Albany,Town of Colonie
Albany,Coeymans
Albany,Green Island
Albany,Guilder Island
Albany,Knox
Albany,Menands
Albany,New Scotland
Albany,Ravena
Albany,Rensselaerville
Albany,Voorheesville
Albany,Watervliet
Albany,Westerlo
Allegany,Alfred
Allegany,Alfred Station
Allegany,Allentown
Allegany,Alma
Allegany,Almond
Allegany,Andover
Allegany,Angelica
Allegany,Belfast
Allegany,Belmont
Allegany,Black Creek
Allegany,Bolivar
Allegany,Canaseraga
Allegany,Caneadea
Allegany,Centerville
Allegany,Ceres
Allegany,Cuba
Allegany,Fillmore
Allegany,Friendship
Allegany,Houghton
Allegany,Hume
Allegany,Little Genesee
Allegany,Richburg
Allegany,Rushford
Allegany,Scio
Allegany,Swain
Allegany,Wellsville
Allegany,West Clarksville
Allegany,Whitesville
Bronx,New York
Broome,Binghamton
Broome,Castle Creek
Broome,Chenango Forks
Broome,Conklin
Broome,Corbettsville
Broome,Deposit
Broome,Endicott
Broome,Endwell
Broome,Glen Aubrey
Broome,Harpursville
Broome,Johnson City
Broome,Killawog
Broome,Kirkwood
Broome,Lisle
Broome,Maine
Broome,Nineveh
Broome,Ouaquaga
Broome,Port Crane
Broome,Tunnel
Broome,Vestal
Broome,Whitney Point
Broome,Windsor
Cattaraugus,Allegany
Cattaraugus,Cattaraugus
Cattaraugus,Conewango Valley
Cattaraugus,Dayton
Cattaraugus,Delevan
Cattaraugus,East Otto
Cattaraugus,East Randolph
Cattaraugus,Ellicottville
Cattaraugus,Farmersville Station
Cattaraugus,Franklinville
Cattaraugus,Freedom
Cattaraugus,Gowanda
Cattaraugus,Great Valley
Cattaraugus,Hinsdale
Cattaraugus,Kill Buck
Cattaraugus,Leon
Cattaraugus, Limestone
Cattaraugus,Little Valley
Cattaraugus,Machias
Cattaraugus,Olean
Cattaraugus,Otto
Cattaraugus,Perrysburg
Cattaraugus,Portville
Cattaraugus, Randolph
Cattaraugus, Saint Bonaventure
Cattaraugus,Salamanca
Cattaraugus,Sandusky
Cattaraugus,South Dayton
Cattaraugus,Steamburg
Cattaraugus,Versailles
Cattaraugus,West Valley
Cattaraugus,Westons Mills
Cattaraugus,Yorkshire
Cayuga,Auburn
Cayuga,Aurora
Cayuga,Cato
Cayuga,Cayuga
Cayuga,Fair Heaven
Cayuga,Genoa
Cayuga,King Ferry
Cayuga,Locke
Cayuga,Martinville
Cayuga,Meridian
Cayuga,Montezuma
Cayuga,Moravia
Cayuga,Poplar Ridge
Cayuga,Port Byron
Cayuga,Scipio Center
Cayuga,Sterling
Cayuga,Union Springs
Cayuga,Weedsport
Chautauqua,Ashville
Chautauqua,Bemus Point
Chautauqua,Brocton
Chautauqua,Cassadaga
Chautauqua,Celoron
Chautauqua,Chautauqua
Chautauqua,Cherry Creek
Chautauqua, Clymer
Chautauqua,Dewittville
Chautauqua,Dunkirk
Chautauqua,Ellington
Chautauqua,Falconer
Chautauqua,Findley lake
Chautauqua,Forestville
Chautauqua,Fredonia
Chautauqua,Frewsburg
Chautauqua,Gerry
Chautauqua,Greenhurst
Chautauqua,Irving
Chautauqua,Jamestown
Chautauqua,Kennedy
Chautauqua,Lakewood
Chautauqua,Lily Dale
Chautauqua,Maple Springs
Chautauqua,Mayville
Chautauqua,Niobe
Chautauqua,Panama
Chautauqua,Portland
Chautauqua,Ripley
Chautauqua,Sheridan
Chautauqua,Sherman
Chautauqua,Silevr Creek
Chautauqua,Sinclaireville
Chautauqua,Stockton
Chautauqua,Stow
Chautauqua,Van Buren Point
Chautauqua,Westfield
Chemung,Elmira
Chemung,Breesport
Chemung,Chemung
Chemung,Erin
Chemung,Horseheads
Chemung,Lowman
Chemung,Milport
Chemung,Pine City
Chemung,Pine Valley
Chemung,Van Etten
Chemung,Wellsburg
Chenango,Afton
Chenango,Bainbridge
Chenango,Earlville
Chenango,East Pharsalia
Chenango,Greene
Chenango,Guilford
Chenango,Mc Donough
Chenango,Mount Upton
Chenango,New Berlin
Chenango,North Norwich
Chenango,North Pitcher
Chenango,Norwich
Chenango,Oxford
Chenango,Pitcher
Chenango,Plymouth
Chenango,Sherburne
Chenango,Smithville Flats
Chenango,Smyrna
Chenango,South New Berlin
Chenango,South Otselic
Chenango,South Plymouth
Clinton,Altona
Clinton,Au Sable Forks
Clinton,Cadyville
Clinton,Champlain
Clinton,Chazy
Clinton,Churubusco
Clinton,Dannemora
Clinton,Ellenburg
Clinton,Ellenburg Center
Clinton,Ellenburg Depot
Clinton,Keeseville
Clinton,Lyon Mountain
Clinton,Mooers
Clinton,Mooers Forks
Clinton,Morrisonville
Clinton,Peru
Clinton,Plattsburgh
Clinton,Redford
Clinton,Rouses Point
Clinton,Saranac
Clinton,Schuyler Falls
Clinton,West Chazy
Columbia,Ancram
Columbia,Ancramdale
Columbia,Austerlitz
Columbia,Canaan
Columbia,Chatham
Columbia,Claverack
Columbia,Columbiaville
Columbia,Copake
Columbia,Copake Falls
Columbia,Craryville
Columbia,East Chatham
Columbia,Elizaville
Columbia,Germantown
Columbia,Ghent
Columbia,Hillsdale
Columbia,Hollowville
Columbia,Hudson
Columbia,Kinderhook
Columbia,Livingston
Columbia,Malden Bridge
Columbia,Mellenville
Columbia,New Lebanon
Columbia,Niverville
Columbia,North Chatham
Columbia,Old Chatham
Columbia,Philmont
Columbia,Spencertown
Columbia,Stottville
Columbia,Stuyvesant
Columbia,Stuyvesant Falls
Columbia,Valatie
Columbia,West Lebanon
Cortland,Blodgett Mills
Cortland,Cincinnatus
Cortland,Cortland
Cortland,East Homer
Cortland,Harford
Cortland,Little York
Cortland,Marathon
Cortland,Mc Graw
Cortland,Preble
Cortland,Truxton
Cortland,Willet
Delaware,Andes
Delaware,Arkville
Delaware,Bloomville
Delaware,Bovina Center
Delaware,Davenport
Delaware,Davenport Center
Delaware,Delancey
Delaware,Delhi
Delaware,Denver
Delaware,Downsville
Delaware,East Branch
Delaware,East Meredith
Delaware,Fishs Eddy
Delaware,Fleischmanns
Delaware,Franklinville
Delaware,Grand Gorge
Delaware,Halcottsville
Delaware,Hamden
Delaware,Hancock
Delaware,Harpersfield
Delaware,Hobart
Delaware,Margaretville
Delaware,Masonville
Delaware,Meridale
Delaware,New Kingston
Delaware,Roxbury
Delaware,Sidney
Delaware,Sidney Center
Delaware,South Kortright
Delaware,Stamford
Delaware,Treadwell
Delaware,Trout Creek
Delaware,Walton
Delaware,West Davenport
Dutchess,Amenia
Dutchess,Annadale On Hudson
Dutchess,Bangall
Dutchess,Barrytown
Dutchess,Beacon
Dutchess,Billings
Dutchess,Castle Point
Dutchess,Chelsea
Dutchess,Clinton Corners
Dutchess,Dover Plains
Dutchess,Fishkill
Dutchess,Glenham
Dutchess,Holmes
Dutchess,Hopewell Junction
Dutchess,Hughsonville
Dutchess,Hyde Park
Dutchess,Lagrangeville
Dutchess,Milbrook
Dutchess,Millerton
Dutchess,Pawling
Dutchess,Pine Plains
Dutchess,Pleasant Valley
Dutchess,Poughkeepsie
Dutchess,Poughquag
Dutchess,Red Hook
Dutchess,Rhinebeck
Dutchess,Rhinecliff
Dutchess,Salt Point
Dutchess,Staatsburg
Dutchess,Stanfordville
Dutchess,Stormville
Dutchess,Tivoli
Dutchess,Verbank
Dutchess,Wappingers Falls
Dutchess,Wassaic
Dutchess,Wingdale
Erie,Arkron
Erie,Alden
Erie,Angola
Erie,Athol Springs
Erie,Boston
Erie,Bowmansville
Erie,Brant
Erie,Buffalo
Erie,Chaffee
Erie,Clarence
Erie,Clarence Center
Erie,Colden
Erie,Collins
Erie,Collins Center
Erie,Crittenden
Erie,Depew
Erie,Derby
Erie,East Amherst
Erie,East Aurora
Erie,East Concord
Erie,Eden
Erie,Elma
Erie,Farnham
Erie,Getzville
Erie,Glenwood
Erie,Grand Island
Erie,Hamburg
Erie,Holland
Erie,Lake View
Erie,Lancaster
Erie,Lawtons
Erie,Marilla
Erie,North Collins
Erie,North Evans
Erie,Orchard Park
Erie,Sardinia
Erie,South Wales
Erie,Spring Brook
Erie,Springville
Erie,Tonawanda
Erie,Wales Center
Erie,West Falls
Essex,Bloomingdale
Essex,Crown Point
Essex,Elizabethtown
Essex,Essex
Essex,Jay
Essex,Keene
Essex,Keene Valley
Essex,Lake Placid
Essex,Lewis
Essex,Minerva
Essex,Mineville
Essex,Moriah
Essex,Moriah Center
Essex,New Russia
Essex,Newcomb
Essex,North Hudson
Essex,Olmstedville
Essex,Paradox
Essex,Port Henry
Essex,Port Kent
Essex,Ray Brook
Essex,Schroon Lake
Essex,Severance
Essex,Ticonderoga
Essex,Upper Jay
Essex,Westport
Essex,Willsboro
Essex,Wilmington
Essex,Witherbee
Franklin,Bombay
Franklin,Brainardsville
Franklin,Brushton
Franklin,Burke
Franklin,Chateaugay
Franklin,Dickinson Center
Franklin,Fort Covington
Franklin,Constable
Franklin,Gabriels
Franklin,Hogansburg
Franklin,Lake Clear
Franklin,Malone
Franklin,Moira
Franklin,North Bangor
Franklin,Owls Head
Franklin,Paul Smiths
Franklin,Rainbow Lake
Franklin,Saint Regis Falls
Franklin,Saranac Lake
Franklin,Tupper Lake
Franklin,Vermontville
Franklin,Whippleville
Fulton,Broadalbin
Fulton,Caroga Lake
Fulton,Gloversville
Fulton,Johnstown
Fulton,Mayfield
Fulton,Northville
Fulton,Stratford
,Alexander
Genesee,Basom
Genesee,Batavia
Genesee,Bergen
Genesee,Byron
Genesee,Corfu
Genesee,Darien Center
Genesee,East Bethany
Genesee,East Pembroke
Genesee,Elba
Genesee,Le Roy
Genesee,Linwood
Genesee,Oakfield
Genesee,Pavilion
Genesee,South Byron
Genesee,Stafford
Greene,Acra
Greene,Ashland
Greene,Athens
Greene,Cairo
Greene,Catskill
Greene,Climax
Greene,Cornwallville
Greene,Coxsackie
Greene,Durham
Greene,Earlton
Greene,East Durham
Greene,East Jewett
Greene,Elka Park
Greene,Freehold
Greene,Greenville
Greene,Haines Falls
Greene,Hannacroix
Greene,Hensonville
Greene,Hunter
Greene,Jewett
Greene,Lanesville
Greene,Leeds
Greene,Lexington
Greene,Maplecrest
Greene,New Baltimore
Greene,Oak Hill
Greene,Palenville
Greene,Prattsville
Greene,Purling
Greene,Round Top
Greene,South Cairo
Greene,Surprise
Greene,Tannersville
Greene,West Coxsackie
Greene,West Kill
Greene,Windham
Hamilton,Blue Mountain Lake
Hamilton,Hoffmeister
Hamilton,Indian Lake
Hamilton,Inlet
Hamilton,Lake Pleasant
Hamilton,Long Lake
Hamilton,Piseco
Hamilton,Raquette Lake
Hamilton,Sabael
Hamilton,Speculator
Hamilton,Wells
Herkimer,Cold Brook
Herkimer,Dolgeville
Herkimer,Eagle Bay
Herkimer,Frankfort
Herkimer,Herkimer
Herkimer,Ilion
Herkimer,Jordanville
Herkimer,Little Falls
Herkimer,Middleville
Herkimer,Mohawk
Herkimer,Newport
Herkimer,Old Forge
Herkimer,Poland
Herkimer,Salisbury Center
Herkimer,Thendara
Herkimer,Van Hornesville
Herkimer,West Winfield
Jefferson,Adams
Jefferson,Adams Center
Jefferson,Alexandria Bay
Jefferson,Antwerp
Jefferson,Belleville
Jefferson,Black River
Jefferson,Brownville
Jefferson,Calcium
Jefferson,Cape Vincent
Jefferson,Carthage
Jefferson,Chaumont
Jefferson,Clayton
Jefferson,Deferiet
Jefferson,Depauville
Jefferson,Dexter
Jefferson,Ellisburg
Jefferson,Evans Mills
Jefferson,Felts Mills
Jefferson,Fishers Landing
Jefferson,Fort Drum
Jefferson,Great Bend
Jefferson,Henderson
Jefferson,Henderson Harbor
Jefferson,La Fargeville
Jefferson,Limerick
Jefferson,Lorraine
Jefferson,Mannsville
Jefferson,Natural Bridge
Jefferson,Oxbow
Jefferson,Philadelphia
Jefferson,Pierrepont Manor
Jefferson,Plessis
Jefferson,Redwood
Jefferson,Rodman
Jefferson,Sackets Harbor
Jefferson,Theresa
Jefferson,Thousand Island Park
Jefferson,Three Mile Bay
Jefferson,Watertown
Jefferson,Wellesley Island
Kings,Brooklyn
Lewis,Beaver Falls
Lewis,Brantingham
Lewis,Castorland
Lewis,Constableville
Lewis,Copenhagen
Lewis,Croghan
Lewis,Denmark
Lewis,Glenfield
Lewis,Greig
Lewis,Harrisville
Lewis,Lowville
Lewis,Lyons Falls
Lewis,Martinsburg
Lewis,Port Leyden
Lewis,Turin
Lewis,West Leyden
Livingston,Avon
Livingston,Caledonia
Livingston,Conesus
Livingston,Dalton
Livingston,Dansville
Livingston,Geneseo
Livingston,Groveland
Livingston,Hemlock
Livingston,Hunt
Livingston,Lakeville
Livingston,Leicester
Livingston,Lima
Livingston,Livonia
Livingston,Livonia Center
Livingston,Mount Morris
Livingston,Nunda
Livingston,Piffard
Livingston,Retsof
Livingston,Scottsburg
Livingston,Sonyea
Livingston,South Lima
Livingston,Springwater
Livingston,York
Madison,Bouckville
Madison,Brookfield
Madison,Canastota
Madison,Cazenovia
Madison,Chittenango
Madison,Clockville
Madison,De Ruyter
Madison,Eaton
Madison,Erieville
Madison,Georgetown
Madison,Hamilton
Madison,Hubbardsville
Madison,Leonardsville
Madison,Madison
Madison,Morrisville
Madison,Munnsville
Madison,New Woodstock
Madison,North Brookfield
Madison,Oneida
Madison,Peterboro
Madison,Wampsville
Madison,West Eaton
Madison,West Edmeston
Monroe,Adams Basin
Monroe,Brockport
Monroe,Churchville
Monroe,Clarkson
Monroe,East Rochester
Monroe,Fairport
Monroe,Hamlin
Monroe,Henrietta
Monroe,Hilton
Monroe,Honeoye Falls
Monroe,Mendon
Monroe,Morton
Monroe,Mumford
Monroe,North Chili
Monroe,North Greece
Monroe,Penfield
Monroe,Pittsford
Monroe,Rochester
Monroe,Rush
Monroe,Scottsville
Monroe,Spencerport
Monroe,Webster
Monroe,West Henrietta
Montgomery,Amsterdam
Montgomery,Canajoharie
Montgomery,Esperance
Montgomery,Fonda
Montgomery,Fort Hunter
Montgomery,Fort Johnson
Montgomery,Fort plain
Montgomery,Fultonville
Montgomery,Hagaman
Montgomery,Nelliston
Montgomery,Palatine Bridge
Montgomery,Saint Johnsville
Montgomery,Sprakers
Montgomery,Tribes Hill
Nassau,Albertson
Nassau,Atlantic Beach
Nassau,Baldwin
Nassau,Bayville
Nassau,Bellmore
Nassau,Bethpage
Nassau,Carle Place
Nassau,Cedarhurst
Nassau,East Meadow
Nassau,East Norwich
Nassau,East Rockaway
Nassau,Elmont
Nassau,Farmingdale
Nassau,Floral Park
Nassau,Franklin Square
Nassau,Freeport
Nassau,Garden City
Nassau,Glen Cove
Nassau,Glen Head
Nassau,Glenwood Landing
Nassau,Great Neck
Nassau,Greenvale
Nassau,Hempstead
Nassau,Hewlett
Nassau,Hicksville
Nassau,Inwood
Nassau,Island Park
Nassau,Jericho
Nassau,Lawrence
Nassau,Levittown
Nassau,Locust valley
Nassau,Long Beach
Nassau,Lynbrook
Nassau,Malverne
Nassau,Manhasset
Nassau,Massapequa
Nassau,Massapequa Park
Nassau,Merrick
Nassau,Mill Neck
Nassau,Mineola
Nassau,New Hyde Park
Nassau,Oceanside
Nassau,Old Bethpage
Nassau,Old Westbury
Nassau,Oyster Bay
Nassau,Plainview
Nassau,Point Lookout
Nassau,Port Washington
Nassau,Rockville Centre
Nassau,Roosevelt
Nassau,Roslyn
Nassau,Roslyn Heights
Nassau,Sea Cliff
Nassau,Seaford
Nassau,Syosset
Nassau,Uniondale
Nassau,Valley Stream
Nassau,Wantagh
Nassau,West Hempstead
Nassau,Westbury
Nassau,Williston Park
Nassau,Woodbury
Nassau,Woodmere
New York,NewYork
Niagara,Appleton
Niagara,Barker
Niagara,Burt
Niagara,Gasport
Niagara,Lewiston
Niagara,Lockport
Niagara,Middleport
Niagara,Newfane
Niagara,Niagara Falls
Niagara,North Tonawanda
Niagara,Olcott
Niagara,Ransomville
Niagara,Sanborn
Niagara,Wilson
Niagara,Youngstown
Oneida,Alder Creek
Oneida,Ava
Oneida,Barneveld
Oneida,Blossvale
Oneida,Booneville
Oneida,Bridgewater
Oneida,Camden
Oneida,Cassville
Oneida,Chadwicks
Oneida,Clark Mills
Oneida,Clayville
Oneida,Clinton
Oneida,Deansboro
Oneida,Durhamville
Oneida,Forestport
Oneida,Franklin Springs
Oneida,Hinckley
Oneida,Holland Patent
Oneida,Knoxboro
Oneida,Lee Center
Oneida,Marcy
Oneida,Mc Connellsville
Oneida,New Hartford
Oneida,New York Mills
Oneida,North Bay
Oneida,Oriskany
Oneida,Oriskany Falls
Oneida,Prospect
Oneida,Remsen
Oneida,Rome
Oneida,Sangerfield
Oneida,Sauquoit
Oneida,Sherrill
Oneida,Stittville
Oneida,Sylvan Beach
Oneida,Taberg
Oneida,Utica
Oneida,Vernon
Oneida,Vernon Center
Oneida,Verona
Oneida,Verona Beach
Oneida,Waterville
Oneida,Westdale
Oneida,Westernville
Oneida,Westmoreland
Oneida,Whitesboro
Oneida,Woodgate
Oneida,Yorkville
Onondaga,Apulia Station
Onondaga,Baldwinsville
Onondaga,Brewerton
Onondaga,Bridgeport
Onondaga,Camillus
Onondaga,Cicero
Onondaga,Clay
Onondaga,Delphi Falls
Onondaga,Easy Syracuse
Onondaga,Eldbridge
Onondaga,Fabius
Onondaga,Fayetteville
Onondaga,Jamesville
Onondaga,Jordan
Onondaga,Kirkville
Onondaga,La Fayette
Onondaga,Liverpool
Onondaga,Manlius
Onondaga,Marcellus
Onondaga,Marietta
Onondaga,Memphis
Onondaga,Minoa
Onondaga,Mottville
Onondaga,Nedrow
Onondaga,Plainville
Onondaga,Pompey
Onondaga,Skaneateles
Onondaga,Skaneateles Falls
Onondaga,Syracuse
Onondaga,Tully
Onondaga,Warners
Ontario,Bloomfield
Ontario,Canandaigua
Ontario,Clifton Springs
Ontario,East Bloomfield
Ontario,Farmington
Ontario,Fishers Landing
Ontario,Geneva
Ontario,Gorham
Ontario,Hall
Ontario,Honeoye
Ontario,Ionia
Ontario,Manchester
Ontario,Naples
Ontario,Oaks Corners
Ontario,Phelps
Ontario,Port Gibson
Ontario,Seneca Castle
Ontario,Shortsville
Ontario,Stanley
Ontario,Victor
Ontario,West Bloomfield
Orange,Arden
Orange,Bellvale
Orange,Blooming Grove
Orange,Bullville
Orange,Campbell Hall
Orange,Central Valley
Orange,Chester
Orange,Circleville
Orange,Cornwall
Orange,Cornwall On Hudson
Orange,Cuddebackville
Orange,Florida
Orange,Fort Montgomery
Orange,Goshen
Orange,Greenwood Lake
Orange,Harriman
Orange,Highland Fallls
Orange,Highland Mills
Orange,Howells
Orange,Huguenot
Orange,Johnson
Orange,Maybrook
Orange,Middletown
Orange,Monroe
Orange,Montgomery
Orange,Mountainville
Orange,New Hampton
Orange,New Milford
Orange,New Windsor
Orange,Newburgh
Orange,Otisville
Orange,Pine Bush
Orange,Pine Island
Orange,Port Jervis
Orange,Rock Tavern
Orange,Salisbury Mills
Orange,Slate Hill
Orange,Southfields
Orange,Sparrow Bush
Orange,Sterling Forest
Orange,Sugar Loaf
Orange,Thompson Ridge
Orange,Tuxedo Park
Orange,Unionville
Orange,Vails Gate
Orange,Walden
Orange,Warwick
Orange,Washingtonville
Orange,West Point
Orange,Westtown
Orleans,Albion
Orleans,Fancher
Orleans,Holley
Orleans,Kendall
Orleans,Kent
Orleans,Knowlesville
Orleans,Lyndonville
Orleans,Medina
Orleans,Waterport
Oswego,Altmar
Oswego,Bernhards Bay
Oswego,Central Square
Oswego,Cleveland
Oswego,Constantia
Oswego,Fulton
Oswego,Hannibal
Oswego,Hastings
Oswego,Lacona
Oswego,Lycoming
Oswego,Mallory
Oswego,Maple View
Oswego,Mexico
Oswego,Minetto
Oswego,New Haven
Oswego,Orwell
Oswego,Oswego
Oswego,Parish
Oswego,Pennellville
Oswego,Phoenix
Oswego,Pulaski
Oswego,Redfield
Oswego,Richland
Oswego,Sandy Creek
Oswego,West Monroe
Oswego,Williamstown
vvu,Burlington Flats
Otsego,Cherry Valley
Otsego,Colliersville
Otsego,Cooperstown
Otsego,East Springfield
Otsego,East Worcester
Otsego,Edmeston
Otsego,Fly Creek
Otsego,Garrattsville
Otsego,Gilbertsville
Otsego,Hartwick
Otsego,Laurens
Otsego,Maryland
Otsego,Milford
Otsego,Morris
Otsego,Mount Vision
Otsego,New Lisbon
Otsego,Oneonta
Otsego,Otego
Otsego,Portlandville
Otsego,Richfield Springs
Otsego,Roseboom
Otsego,Schenevus
Otsego,Schuyler Lake
Otsego,Springfield Center
Otsego,Unadilla
Otsego,Wells Bridge
Otsego,West Burlington
Otsego,West Oneonta
Otsego,Westford
Otsego,Worcester
Putnam,Brewster
Putnam,Carmel
Putnam,Cold Spring
Putnam,Garrison
Putnam,Lake PeekSkill
Putnam,Mahopac Falls
Putnam,Patterson
Putnam,Putnam Valley
Queens,Arverne
Queens,Astoria
Queens,Bayside
Queens,Bellerose
Queens,Breezy Point
Queens,Cambria Heights
Queens,College Point
Queens,Corona
Queens,East Elmhurst
Queens,Elmhurst
Queens,Far Rockaway
Queens,Floral Park
Queens,Flushing
Queens,Forest Hills
Queens,Fresh Meadows
Queens,Glen Oaks
Queens,Hollis
Queens,Howard beach
Queens,Jackson Heights
Queens,Jamaica
Queens,Kew Gardens
Queens,Little Neck
Queens,Long Island City
Queens,Maspeth
Queens,Middle Village
Queens,Oakland Gardens
Queens,Ozone Park
Queens,Queens Village
Queens,Rego Park
Queens,Richmond Hill
Queens,Ridgewood
Queens,Rockaway Park
Queens,Rosedale
Queens,Saint Albans
Queens,South Ozone Park
Queens,South Richmond Hill
Queens,Springfield Gardens
Queens,Sunnyside
Queens,Whitestone
Queens,Woodhaven
Queens,Woodside
Rensselaer,Averill Park
Rensselaer,Berlin
Rensselaer,Brainard
Rensselaer,Castleton On Hudson
Rensselaer,Cherry Plain
Rensselaer,Cropseyville
Rensselaer,Eagle Bridge
Rensselaer,East Greenbush
Rensselaer,East Nassau
Rensselaer,East Schodack
Rensselaer,Grafton
Rensselaer,Hoosick
Rensselaer,Hoosick Falls
Rensselaer,Johnsonville
Rensselaer,Melrose
Rensselaer,Nassau
Rensselaer,North Hoosick
Rensselaer,Petersburg
Rensselaer,Poestenkill
Rensselaer,Rensselaer
Rensselaer,Sand Lake
Rensselaer,Schaghticoke
Rensselaer,Schodack Landing
Rensselaer,Stephentown
Rensselaer,Troy
Rensselaer,Valley Falls
Rensselaer,West Sand Lake
Rensselaer,Wynantskill
Richmond,Staten Island
Rockland,Bear Mountain
Rockland,Blauvelt
Rockland,Congers
Rockland,Garnerville
Rockland,Harverstraw
Rockland,Hillburn
Rockland,Monsey
Rockland,Nanuet
Rockland,New City
Rockland,Nyack
Rockland,Orangeburg
Rockland,Palisades
Rockland,Pearl River
Rockland,Piermont
Rockland,Pomona
Rockland,Sloatsburg
Rockland,Sparkill
Rockland,Spring Valley
Rockland,Stony Point
Rockland,Suffern
Rockland,Tallman
Rockland,Tappan
Rockland,Thiells
Rockland,Tomkins Cove
Rockland,Valley Cottage
Rockland,West Haverstraw
Rockland,West Nyack
Saratoga,Ballston Lake
Saratoga,Ballston Spa
Saratoga,Burnt Hills
Saratoga,Clifton Park
Saratoga,Corinth
Saratoga,Galway
Saratoga,Gansevoort
Saratoga,Greenfield Center
Saratoga,Hadley
Saratoga,Mechanicville
Saratoga,Middle Grove
Saratoga,Porter Corners
Saratoga,Rexford
Saratoga,Rock City Falls
Saratoga,Round Lake
Saratoga,Saratoga Springs
Saratoga,Schuylerville
Saratoga,South Glens Falls
Saratoga,Stillwater
Saratoga,Victory Mills
Saratoga,Waterford
Schenectady,Alplaus
Schenectady,Delanson
Schenectady,Duanesburg
Schenectady,Pattersonville
Schenectady,Quaker Street
Schenectady,Rotterdam Junction
Schenectady,Schenectady
Schoharie,Carlisle
Schoharie,Central Bridge
Schoharie,Charlotteville
Schoharie,Cobleskill
Schoharie,Fultonham
Schoharie,Gallupville
Schoharie,Giboa
Schoharie,Howes Cave
Schoharie,Jefferson
Schoharie,Middleburgh
Schoharie,North Blenheim
Schoharie,Richmondville
Schoharie,Schoharie
Schoharie,Sharon Springs
Schoharie,Sloansville
Schoharie,Warnerville
Schoharie,West Fulton
Schuyler,Alpine
Schuyler,Beaver Dams
Schuyler,Bradford
Schuyler,Burdett
Schuyler,Cayuta
Schuyler,Hector
Schuyler,Mecklenburg
Schuyler,Montour Falls
Schuyler,Odessa
Schuyler,Reading Center
Schuyler,Rock Stream
Schuyler,Tyrone
Schuyler,Watkins Glen
Schuyler,Wayne
Seneca,Fayette
Seneca,Interlaken
Seneca,Lodi
Seneca,Ovid
Seneca,Romulus
Seneca,Seneca Falls
Seneca,Waterloo
Seneca,Willard
Steuben,Addison
Steuben,Arkport
Steuben,Atlanta
Steuben,Avoca
Steuben,Bath
Steuben,Cameron
Steuben,Cameron Mills
Steuben,Campbell
Steuben,Canisteo
Steuben,Cohocton
Steuben,Coopers Plains
Steuben,Corning
Steuben,Greenwood
Steuben,Hammondsport
Steuben,Hornell
Steuben,Jasper
Steuben,Kanona
Steuben,Lindley
Steuben,Painted Post
Steuben,Perkinsville
Steuben,Prattsburgh
Steuben,Pulteney
Steuben,Rexville
Steuben,Savona
Steuben,Troupsburg
Steuben,Wayland
Steuben,Woodhull
St. Lawrence,Brasher Falls
St. Lawrence,Brier Hill
St. Lawrence,Canton
St. Lawrence,Chase Mills
St. Lawrence,Childwold
St. Lawrence,Chippewa Bay
St. Lawrence,Colton
St. Lawrence,Craberry Lake
St. Lawrence,De Kalb Junction
St. Lawrence,De Peyster
St. Lawrence,Edwards
St. Lawrence,Fine
St. Lawrence,Gouverneur
St. Lawrence,Hailesboro
St. Lawrence,Hammond
St. Lawrence,Hannawa Falls
St. Lawrence,Helena
St. Lawrence,Hermon
St. Lawrence,Heuvelton
St. Lawrence,Lisbon
St. Lawrence,Madrid
St. Lawrence,Massena
St. Lawrence,Morristown
St. Lawrence,Newton Falls
St. Lawrence,Nicholville
St. Lawrence,Norfolk
St. Lawrence,North Lawrence
St. Lawrence,Norwood
St. Lawrence,Ogdensburg
St. Lawrence,Oswegatchie
St. Lawrence,Parishville
St. Lawrence,Piercefield
St. Lawrence,Potsdam
St. Lawrence,Pyrites
St. Lawrence,Raymondville
St. Lawrence,Rooseveltown
St. Lawrence,Richville
St. Lawrence,Rensselaer Falls
St. Lawrence,Russell
St. Lawrence,South Colton
St. Lawrence,Star Lake
St. Lawrence,Waddington
St. Lawrence,Wanakena
St. Lawrence,West Stockholm
St. Lawrence,Winthrop
Suffolk,Amagansett
Suffolk,Amityville
Suffolk,Aquebogue
Suffolk,Babylon
Suffolk,Bay Shore
Suffolk,Bayport
Suffolk,Bellport
Suffolk,Blue Point
Suffolk,Bohemia
Suffolk,Brentwood
Suffolk,Bridgehampton
Suffolk,Brightwaters
Suffolk,Brookhaven
Suffolk,Calverton
Suffolk,Center Moriches
Suffolk,Centereach
Suffolk,Centerport
Suffolk,Central Islip
Suffolk,Cold Spring Harbor
Suffolk,Commack
Suffolk,Copiague
Suffolk,Coram
Suffolk,Cutchogue
Suffolk,Deer Park
Suffolk,East Hampton
Suffolk,East Islip
Suffolk,East Marion
Suffolk,East Moriches
Suffolk,East Northport
Suffolk,East Quogue
Suffolk,East Setauket
Suffolk,Eastport
Suffolk,Farmingville
Suffolk,Fishers Island
Suffolk,Great River
Suffolk,Greenlawn
Suffolk,Greenport
Suffolk,Hampton Bays
Suffolk,Hauppauge
Suffolk,Holbrook
Suffolk,Holtsville
Suffolk,Huntington
Suffolk,Huntington Station
Suffolk,Islandia
Suffolk,Islip
Suffolk,Islip Terrace
Suffolk,Jamesport
Suffolk,Kings Park
Suffolk,Lake Grove
Suffolk,Laurel
Suffolk,Lindenhurst
Suffolk,Manorville
Suffolk,Mastic
Suffolk,Mastic Beach
Suffolk,Mattituck
Suffolk,Medford
Suffolk,Melville
Suffolk,Middle Island
Suffolk,Miller Place
Suffolk,Montauk
Suffolk,Moriches
Suffolk,Mount Sinai
Suffolk,Nesconset
Suffolk,New Suffolk
Suffolk,North Babylon
Suffolk,Northport
Suffolk,Oakdale
Suffolk,Ocean Beach
Suffolk,Orient
Suffolk,Patchogue
Suffolk,Peconic
Suffolk,Port Jefferson
Suffolk,Port Jefferson Station
Suffolk,Quogue
Suffolk,Remsenburg
Suffolk,Ridge
Suffolk,Riverhead
Suffolk,Rocky Point
Suffolk,Ronkonkoma
Suffolk,Sag Harbor
Suffolk,Sagaponack
Suffolk,Saint James
Suffolk,Sayville
Suffolk,Selden
Suffolk,Shelter Island
Suffolk,Shelter Island Heights
Suffolk,Shirley
Suffolk,Shoreham
Suffolk,Smithtown
Suffolk,Sound Beach
Suffolk,South Jamesport
Suffolk,Southampton
Suffolk,Southold
Suffolk,Speonk
Suffolk,Stony Brook
Suffolk,Upton
Suffolk,Wading River
Suffolk,Wainscott
Suffolk,Water Mill
Suffolk,West Babylon
Suffolk,West Islip
Suffolk,West Sayville
Suffolk,Westhampton Beach
Suffolk,Wyandanch
Suffolk,Yaphank
Sullivan,Barryville
Sullivan,Bethel
Sullivan,Bloomingburg
Sullivan,Burlingham
Sullivan,Callicoon
Sullivan,Callicoon Center
Sullivan,Claryville
Sullivan,Cochecton
Sullivan,Cochecton Center
Sullivan,Eldred
Sullivan,Fallsburg
Sullivan,Ferndale
Sullivan,Forestburgh
Sullivan,Fremont Center
Sullivan,Glen Spey
Sullivan,Glen Wild
Sullivan,Grahamsville
Sullivan,Hankins
Sullivan,Harris
Sullivan,Highland Lake
Sullivan,Hortonville
Sullivan,Hurleyville
Sullivan,Jeffersonville
Sullivan,Kauneonga Lake
Sullivan,Kenoza Lake
Sullivan,Kiamesha lake
Sullivan,Lake Huntington
Sullivan,Liberty
Sullivan,Livingston Manor
Sullivan,Loch Shedlrake
Sullivan,Long Eddy
Sullivan,Mongaup Valley
Sullivan,Monticello
Sullivan,Mountain Dale
Sullivan,Narrowsburg
Sullivan,Neversink
Sullivan,North Branch
Sullivan,Obernburg
Sullivan,Parksville
Sullivan,Phillipsport
Sullivan,Pond Eddy
Sullivan,Rock Hill
Sullivan,Roscoe
Sullivan,Smallwood
Sullivan,South Fallsburg
Sullivan,Summitville
Sullivan,Swan Lake
Sullivan,Thompsonville
Sullivan,Westbrokkville
Sullivan,White Lake
Sullivan,White Sulphur Springs
Sullivan,Woodbourne
Sullivan,Woodridge
Sullivan,Wurtsboro
Sullivan,Youngsville
Sullivan,Yulan
Tioga,Apalachin
Tioga,Barton
Tioga,Berkshire
Tioga,Candor
Tioga,Lockwood
Tioga,Newark Valley
Tioga,Nichols
Tioga,Owego
Tioga,Richford
Tioga,Smithboro
Tioga,Spencer
Tioga,Tioga Center
Tioga,Waverly
Tioga,Willseyville
Tompkins,Brooktondale
Tompkins,Dryden
Tompkins,Etna
Tompkins,Freeville
Tompkins,Groton
Tompkins,Ithaca
Tompkins,Jacksonville
Tompkins,Lansing
Tompkins,Mc Lean
Tompkins,Newfield
Tompkins,Slaterville Springs
Tompkins,Trumansburg
Ulster,Accord
Ulster,Bearsville
Ulster,Big Indian
Ulster,Bloomington
Ulster,Boiceville
Ulster,Chichester
Ulster,Clintondale
Ulster,Connelly
Ulster,Cottekill
Ulster,Cragsmoor
Ulster,Ellenville
Ulster,Esopus
Ulster,Gardiner
Ulster,Glasco
Ulster,Glenford
Ulster,Greenfield Park
Ulster,High Falls
Ulster,Highland
Ulster,Highmount
Ulster,Hurley
Ulster,Kerhonkson
Ulster,Kingston
Ulster,Lake Hill
Ulster,Lake Katrine
Ulster,Malden On Hudson
Ulster,Marlboro
Ulster,Milton
Ulster,Modena
Ulster,Mount Marion
Ulster,Mount  Tremper
Ulster,Napanoch
Ulster,New Paltz
Ulster,Olivebridge
Ulster,Phoenicia
Ulster,Pine Hill
Ulster,Plattekill
Ulster,Port Ewen
Ulster,Rifton
Ulster,Rosendale
Ulster,Ruby
Ulster,Saugerties
Ulster,Shandaken
Ulster,Shokan
Ulster,Spring Glen
Ulster,Stone Ridge
Ulster,Tillson
Ulster,Ulster Park
Ulster,Walker Valley
Ulster,Wallkill
Ulster,Wawarsing
Ulster,West Camp
Ulster,West Hurley
Ulster,West Park
Ulster,West Shokan
Ulster,Willow
Ulster,Woodstock
Warren,Adirondack
Warren,Athol
Warren,Bakers Mills
Warren,Bolton Landing
Warren,Brant Lake
Warren,Chestertown
Warren,Cleverdale
Warren,Diamond Point
Warren,Glens Falls
Warren,Hague
Warren,Johnsburg
Warren,Kattskill Bay
Warren,Lake George
Warren,Lake Luzerne
Warren,North Creek
Warren,North River
Warren,Pottersville
Warren,Queensbury
Warren,Riparius
Warren,Silver Bay
Warren,Stony Creek
Warren,Warrensburg
Warren,Wevertown
Washington,Argyle
Washington,Buskirk
Washington,Cambridge
Washington,Clemons
Washington,Comstock
Washington,Cossayuna
Washington,Fort Ann
Washington,Fort Edward
Washington,Granville
Washington,Greenwich
Washington,Hampton
Washington,Hartford
Washington,Hudson Falls
Washington,Huletts Landing
Washington,Middle Falls
Washington,Middle Granville
Washington,Putnam Station
Washington,Salem
Washington,Shushan
Washington,Whitehall
Wayne,Alton
Wayne,Clyde
Wayne,East Williamson
Wayne,Lyons
Wayne,Macedon
Wayne,Marion
Wayne,Newark
Wayne,North Rose
Wayne,Ontario
Wayne,Palmyra
Wayne,Red Creek
Wayne,Rose
Wayne,Savannah
Wayne,Sodus
Wayne,Sodus Point
Wayne,South Butler
Wayne,Walworth
Wayne,Williamson
Wayne,Wolcott
Westchester,Amawalk
Westchester,Ardsley
Westchester,Ardsley On Hudson
Westchester,Armonk
Westchester,Baldwin Place
Westchester,Bedford
Westchester,Bedford Hills
Westchester,Briarcliff Manor
Westchester,Bronxville
Westchester,Buchanan
Westchester,Chappaqua
Westchester,Cortlandt Manor
Westchester,Crompond
Westchester,Cross River
Westchester,Croton Falls
Westchester,Croton On Hudson
Westchester,Dobbs Ferry
Westchester,Eastchester
Westchester,Elmsford
Westchester,Goldens Bridge
Westchester,Granite Springs
Westchester,Harrison
Westchester,Hartsdale
Westchester,Hastings On Hudson
Westchester,Hawthorne
Westchester,Irvington
Westchester,Jefferson Valley
Westchester,Katonah
Westchester,Larchmont
Westchester,Lincolndale
Westchester,Mamaroneck
Westchester,Maryknoll
Westchester,Millwood
Westchester,Mohegan Lake
Westchester,Montrose
Westchester,Mount Kisco
Westchester,Mount Vernon
Westchester,New Rochelle
Westchester,North Salem
Westchester,Ossining
Westchester,Peekskill
Westchester,Pelham
Westchester,Pleasantville
Westchester,Port Chester
Westchester,Pound Ridge
Westchester,Purchase
Westchester,Purdys
Westchester,Rye
Westchester,Scarsdale
Westchester,Shenorock
Westchester,Shrub Oak
Westchester,Somers
Westchester,South Salem
Westchester,Tarrytown
Westchester,Thornwood
Westchester,Tuckahoe
Westchester,Valhalla
Westchester,Verplanck
Westchester,Waccabuc
Westchester,West Harrison
Westchester,White Plains
Westchester,Yonkers
Westchester,Yorktown Heights
Wyoming,Arcade
Wyoming,Attica
Wyoming,Bliss
Wyoming,Castile
Wyoming,Cowlesville
Wyoming,Dale
Wyoming,Gainesville
Wyoming,Java Center
Wyoming,Java Village
Wyoming,North Java
Wyoming,Perry
Wyoming,Pike
Wyoming,Portageville
Wyoming,Silver Lake
Wyoming,Silver Springs
Wyoming,Strykersville
Wyoming,Varysburg
Wyoming,Warsaw
Wyoming,Wyoming
Yates,Bellona
Yates,Branchport
Yates,Dresden
Yates,Dundee
Yates,Himrod
Yates,Keuka Park
Yates,Lakemont
Yates,Middlesex
Yates,Penn Yan
Yates,Rushville
